일시,댐수위(EL.m),방수로수위(EL.m),저수량(백만㎥),저수율(%),강우량(mm),유입량(㎥/s),자체유입(㎥/s),조절지댐 신구도수유입(㎥/s),총방류량(㎥/s),광천1호기(㎥/s),"광천2,3호기(㎥/s)",수문(㎥/s),OUTLET 방류량(㎥/s),신도수터널(본댐→조절지)(㎥/s),구도수터널(본댐→조절지)(㎥/s),보조여수로(㎥/s),광주취수량-광주천(㎥/s),광주천(㎥/s),
2023-01-18,        94.0504,         0.0000,       134.1573,        29.4,         0.0,         5.983,        -0.377,         6.360,         5.072,         0.000,         0.000,         0.000,         0.030,         0.000,         0.000,         0.000,         5.042,         0.000,
2023-01-17,        94.0439,         0.0000,       134.0786,        29.3,         0.0,         9.376,         3.678,         5.698,         5.051,         0.000,         0.000,         0.000,         0.030,         0.000,         0.000,         0.000,         5.021,         0.000,
2023-01-16,        94.0130,         0.0000,       133.7049,        29.3,         0.0,        12.429,         6.249,         6.180,         5.072,         0.000,         0.000,         0.000,         0.029,         0.000,         0.000,         0.000,         5.043,         0.000,
2023-01-15,        93.9603,         0.0000,       133.0693,        29.1,         0.1,        14.384,         8.067,         6.317,         4.997,         0.000,         0.000,         0.000,         0.029,         0.000,         0.000,         0.000,         4.968,         0.000,
2023-01-14,        93.8928,         0.0000,       132.2583,        28.9,         0.0,        26.563,        20.172,         6.391,         5.034,         0.000,         0.000,         0.000,         0.029,         0.000,         0.000,         0.000,         5.005,         0.000,
2023-01-13,        93.7369,         0.0000,       130.3982,        28.5,        49.5,        32.767,        26.381,         6.386,         5.076,         0.000,         0.000,         0.000,         0.029,         0.000,         0.000,         0.000,         5.047,         0.000,
2023-01-12,        93.5341,         0.0000,       128.0057,        28.0,         2.8,         2.531,        -2.048,         4.579,         5.124,         0.000,         0.000,         0.000,         0.029,         0.032,         0.000,         0.000,         5.063,         0.000,
2023-01-11,        93.5532,         0.0000,       128.2298,        28.1,         0.0,         2.256,         0.236,         2.020,         5.097,         0.000,         0.000,         0.000,         0.029,         0.000,         0.000,         0.000,         5.068,         0.000,
2023-01-10,        93.5741,         0.0000,       128.4752,        28.1,         0.0,         2.482,         0.462,         2.020,         5.177,         0.000,         0.000,         0.000,         0.029,         0.000,         0.000,         0.000,         5.148,         0.000,
2023-01-09,        93.5939,         0.0000,       128.7080,        28.2,         0.0,         2.344,         0.324,         2.020,         5.083,         0.000,         0.000,         0.000,         0.029,         0.000,         0.000,         0.000,         5.054,         0.000,
2023-01-08,        93.6140,         0.0000,       128.9447,        28.2,         0.0,         2.382,         0.353,         2.029,         5.111,         0.000,         0.000,         0.000,         0.029,         0.000,         0.000,         0.000,         5.082,         0.000,
2023-01-07,        93.6340,         0.0000,       129.1804,        28.3,         0.0,         2.281,         0.251,         2.030,         5.095,         0.000,         0.000,         0.000,         0.029,         0.000,         0.000,         0.000,         5.066,         0.000,
2023-01-06,        93.6546,         0.0000,       129.4236,        28.3,         2.2,         2.275,         0.245,         2.030,         5.052,         0.000,         0.000,         0.000,         0.029,         0.000,         0.000,         0.000,         5.023,         0.000,
2023-01-05,        93.6749,         0.0000,       129.6635,        28.4,         0.0,         2.279,         0.240,         2.039,         5.142,         0.000,         0.000,         0.000,         0.029,         0.000,         0.000,         0.000,         5.113,         0.000,
2023-01-04,        93.6958,         0.0000,       129.9109,        28.4,         0.0,         2.170,         0.130,         2.040,         5.215,         0.000,         0.000,         0.000,         0.029,         0.000,         0.000,         0.000,         5.186,         0.000,
2023-01-03,        93.7180,         0.0000,       130.1739,        28.5,         0.0,         2.153,         0.153,         2.000,         5.175,         0.000,         0.000,         0.000,         0.029,         0.000,         0.000,         0.000,         5.146,         0.000,
2023-01-02,        93.7400,         0.0000,       130.4350,        28.5,         0.0,         1.877,        -0.123,         2.000,         5.178,         0.000,         0.000,         0.000,         0.029,         0.000,         0.000,         0.000,         5.149,         0.000,
2023-01-01,        93.7640,         0.0000,       130.7202,        28.6,         0.0,         1.824,        -0.176,         2.000,         5.158,         0.000,         0.000,         0.000,         0.029,         0.000,         0.000,         0.000,         5.129,         0.000,
2022-12-31,        93.7882,         0.0000,       131.0083,        28.7,         0.0,         0.572,        -1.428,         2.000,         5.195,         0.000,         0.000,         0.000,         0.029,         0.000,         0.000,         0.000,         5.166,         0.000,
2022-12-30,        93.8217,         0.0000,       131.4077,        28.8,         0.1,         0.669,         0.252,         0.417,         5.164,         0.000,         0.000,         0.000,         0.029,         0.000,         0.000,         0.000,         5.135,         0.000,
2022-12-29,        93.8542,         0.0000,       131.7960,        28.8,         0.0,         2.206,         2.206,         0.000,         5.171,         0.000,         0.000,         0.000,         0.029,         0.000,         0.000,         0.000,         5.142,         0.000,
2022-12-28,        93.8756,         0.0000,       132.0522,        28.9,         0.1,         0.000,        -0.150,         0.000,         5.388,         0.000,         0.101,         0.000,         0.027,         0.000,         0.000,         0.000,         5.260,         0.000,
2022-12-27,        93.9155,         0.0000,       132.5307,        29.0,         0.2,         0.476,         0.476,         0.000,         5.276,         0.000,         0.000,         0.000,         0.029,         0.000,         0.000,         0.000,         5.247,         0.000,
2022-12-26,        93.9500,         0.0000,       132.9454,        29.1,         0.3,         0.343,         0.343,         0.000,         5.153,         0.000,         0.000,         0.000,         0.029,         0.000,         0.000,         0.000,         5.124,         0.000,
2022-12-25,        93.9845,         0.0000,       133.3609,        29.2,         0.3,         0.464,         0.464,         0.000,         5.075,         0.000,         0.000,         0.000,         0.029,         0.000,         0.000,         0.000,         5.046,         0.000,
2022-12-24,        94.0175,         0.0000,       133.7593,        29.3,         0.1,         1.144,         1.144,         0.000,         5.050,         0.000,         0.000,         0.000,         0.030,         0.000,         0.000,         0.000,         5.020,         0.000,
2022-12-23,        94.0454,         0.0000,       134.0968,        29.3,         3.5,         1.684,         1.684,         0.000,         5.161,         0.000,         0.000,         0.000,         0.030,         0.000,         0.000,         0.000,         5.131,         0.000,
2022-12-22,        94.0702,         0.0000,       134.3972,        29.4,         3.2,         1.807,         1.807,         0.000,         5.205,         0.000,         0.000,         0.000,         0.030,         0.000,         0.000,         0.000,         5.175,         0.000,
2022-12-21,        94.0944,         0.0000,       134.6908,        29.5,         4.4,         1.390,         1.390,         0.000,         5.131,         0.000,         0.000,         0.000,         0.030,         0.000,         0.000,         0.000,         5.101,         0.000,
2022-12-20,        94.1210,         0.0000,       135.0141,        29.5,         0.1,         0.776,         0.776,         0.000,         5.144,         0.000,         0.000,         0.000,         0.030,         0.000,         0.000,         0.000,         5.114,         0.000,
2022-12-19,        94.1520,         0.0000,       135.3915,        29.6,         0.2,         1.008,         1.008,         0.000,         4.961,         0.000,         0.000,         0.000,         0.030,         0.000,         0.000,         0.000,         4.931,         0.000,
2022-12-18,        94.1800,         0.0000,       135.7330,        29.7,         5.1,         1.166,         1.166,         0.000,         4.843,         0.000,         0.000,         0.000,         0.030,         0.000,         0.000,         0.000,         4.813,         0.000,
2022-12-17,        94.2060,         0.0000,       136.0507,        29.8,         0.4,         1.627,         1.627,         0.000,         5.026,         0.000,         0.000,         0.000,         0.030,         0.000,         0.000,         0.000,         4.996,         0.000,
2022-12-16,        94.2300,         0.0000,       136.3444,        29.8,         0.0,         0.000,        -0.822,         0.000,         5.096,         0.000,         0.000,         0.000,         0.030,         0.000,         0.000,         0.000,         5.066,         0.000,
2022-12-15,        94.2717,         0.0000,       136.8557,        30.0,         0.2,         0.341,         0.341,         0.000,         5.035,         0.000,         0.000,         0.000,         0.030,         0.000,         0.000,         0.000,         5.005,         0.000,
2022-12-14,        94.3047,         0.0000,       137.2613,        30.0,         0.5,         0.774,         0.774,         0.000,         5.021,         0.000,         0.000,         0.000,         0.030,         0.000,         0.000,         0.000,         4.991,         0.000,
2022-12-13,        94.3345,         0.0000,       137.6283,        30.1,         0.0,         0.375,         0.375,         0.000,         5.159,         0.000,         0.000,         0.000,         0.030,         0.000,         0.000,         0.000,         5.129,         0.000,
2022-12-12,        94.3680,         0.0000,       138.0416,        30.2,         0.0,         0.800,         0.800,         0.000,         5.136,         0.000,         0.000,         0.000,         0.030,         0.000,         0.000,         0.000,         5.106,         0.000,
2022-12-11,        94.3983,         0.0000,       138.4162,        30.3,         0.0,         0.586,         0.586,         0.000,         5.002,         0.000,         0.000,         0.000,         0.030,         0.000,         0.000,         0.000,         4.972,         0.000,
2022-12-10,        94.4291,         0.0000,       138.7978,        30.4,         0.0,         0.815,         0.815,         0.000,         4.980,         0.000,         0.000,         0.000,         0.030,         0.000,         0.000,         0.000,         4.950,         0.000,
2022-12-09,        94.4581,         0.0000,       139.1577,        30.5,         0.0,         0.909,         0.909,         0.000,         5.111,         0.000,         0.000,         0.000,         0.030,         0.000,         0.000,         0.000,         5.081,         0.000,
2022-12-08,        94.4873,         0.0000,       139.5207,        30.5,         0.0,         2.457,         2.457,         0.000,         5.080,         0.000,         0.000,         0.000,         0.030,         0.000,         0.000,         0.000,         5.050,         0.000,
2022-12-07,        94.5055,         0.0000,       139.7473,        30.6,         0.0,         0.073,         0.073,         0.000,         5.053,         0.000,         0.000,         0.000,         0.030,         0.000,         0.000,         0.000,         5.023,         0.000,
2022-12-06,        94.5400,         0.0000,       140.1776,        30.7,         0.0,         0.000,        -0.146,         0.000,         4.989,         0.000,         0.000,         0.000,         0.030,         0.000,         0.000,         0.000,         4.959,         0.000,
2022-12-05,        94.5755,         0.0000,       140.6213,        30.8,         0.0,         0.154,         0.154,         0.000,         5.025,         0.000,         0.000,         0.000,         0.030,         0.000,         0.000,         0.000,         4.995,         0.000,
2022-12-04,        94.6091,         0.0000,       141.0421,        30.9,         0.0,         2.495,         2.495,         0.000,         4.978,         0.000,         0.000,         0.000,         0.030,         0.000,         0.000,         0.000,         4.948,         0.000,
2022-12-03,        94.6262,         0.0000,       141.2566,        30.9,         0.0,         2.962,         2.962,         0.000,         5.040,         0.000,         0.000,         0.000,         0.030,         0.000,         0.000,         0.000,         5.010,         0.000,
2022-12-02,        94.6405,         0.0000,       141.4362,        31.0,         0.0,         6.969,         6.969,         0.000,         5.007,         0.000,         0.000,         0.000,         0.030,         0.000,         0.000,         0.000,         4.977,         0.000,
2022-12-01,        94.6270,         0.0000,       141.2667,        30.9,         0.0,         7.048,         7.048,         0.000,         5.015,         0.000,         0.000,         0.000,         0.030,         0.000,         0.000,         0.000,         4.985,         0.000,
2022-11-30,        94.6130,         0.0000,       141.0910,        30.9,         0.0,         7.856,         7.856,         0.000,         4.969,         0.000,         0.000,         0.000,         0.030,         0.000,         0.000,         0.000,         4.939,         0.000,
2022-11-29,        94.5931,         0.0000,       140.8416,        30.8,         8.1,         5.151,         5.151,         0.000,         5.021,         0.046,         0.000,         0.000,         0.028,         0.000,         0.000,         0.000,         4.947,         0.000,
2022-11-28,        94.5922,         0.0000,       140.8303,        30.8,        12.1,         3.646,         3.646,         0.000,         4.951,         0.000,         0.000,         0.000,         0.030,         0.000,         0.000,         0.000,         4.921,         0.000,
2022-11-27,        94.6012,         0.0000,       140.9431,        30.8,         0.0,         0.128,         0.128,         0.000,         4.963,         0.000,         0.000,         0.000,         0.030,         0.000,         0.000,         0.000,         4.933,         0.000,
2022-11-26,        94.6345,         0.0000,       141.3608,        30.9,         0.0,         0.878,         0.878,         0.000,         4.980,         0.000,         0.000,         0.000,         0.030,         0.000,         0.000,         0.000,         4.950,         0.000,
2022-11-25,        94.6627,         0.0000,       141.7153,        31.0,         0.0,         0.622,         0.622,         0.000,         5.184,         0.000,         0.000,         0.000,         0.030,         0.000,         0.000,         0.000,         5.154,         0.000,
2022-11-24,        94.6940,         0.0000,       142.1094,        31.1,         0.1,         1.195,         1.195,         0.000,         5.225,         0.000,         0.000,         0.000,         0.030,         0.000,         0.000,         0.000,         5.195,         0.000,
2022-11-23,        94.7216,         0.0000,       142.4576,        31.2,         1.8,         1.224,         1.224,         0.000,         5.144,         0.000,         0.000,         0.000,         0.030,         0.000,         0.000,         0.000,         5.114,         0.000,
2022-11-22,        94.7484,         0.0000,       142.7963,        31.3,         3.7,         1.430,         1.430,         0.000,         5.019,         0.000,         0.000,         0.000,         0.030,         0.000,         0.000,         0.000,         4.989,         0.000,
2022-11-21,        94.7729,         0.0000,       143.1063,        31.3,         0.1,         0.978,         0.978,         0.000,         4.954,         0.000,         0.000,         0.000,         0.030,         0.000,         0.000,         0.000,         4.924,         0.000,
2022-11-20,        94.8000,         0.0000,       143.4499,        31.4,         0.3,         1.389,         1.389,         0.000,         4.828,         0.000,         0.000,         0.000,         0.030,         0.000,         0.000,         0.000,         4.798,         0.000,
2022-11-19,        94.8234,         0.0000,       143.7470,        31.5,         0.0,         0.929,         0.929,         0.000,         4.991,         0.000,         0.000,         0.000,         0.030,         0.000,         0.000,         0.000,         4.961,         0.000,
2022-11-18,        94.8510,         0.0000,       144.0980,        31.5,         0.0,         0.344,         0.344,         0.000,         4.989,         0.000,         0.000,         0.000,         0.030,         0.000,         0.000,         0.000,         4.959,         0.000,
2022-11-17,        94.8825,         0.0000,       144.4993,        31.6,         0.0,         0.971,         0.971,         0.000,         4.871,         0.000,         0.000,         0.000,         0.030,         0.000,         0.000,         0.000,         4.841,         0.000,
2022-11-16,        94.9089,         0.0000,       144.8362,        31.7,         0.1,         1.140,         1.140,         0.000,         4.898,         0.000,         0.000,         0.000,         0.030,         0.000,         0.000,         0.000,         4.868,         0.000,
2022-11-15,        94.9343,         0.0000,       145.1609,        31.8,         0.0,         1.827,         1.827,         0.000,         5.042,         0.000,         0.000,         0.000,         0.030,         0.000,         0.000,         0.000,         5.012,         0.000,
2022-11-14,        94.9560,         0.0000,       145.4387,        31.8,         0.0,         0.905,         0.905,         0.000,         4.882,         0.000,         0.000,         0.000,         0.030,         0.000,         0.000,         0.000,         4.852,         0.000,
2022-11-13,        94.9828,         0.0000,       145.7823,        31.9,        12.8,         3.657,         3.657,         0.000,         4.786,         0.000,         0.000,         0.000,         0.030,         0.000,         0.000,         0.000,         4.756,         0.000,
2022-11-12,        94.9904,         0.0000,       145.8798,        31.9,         5.2,         1.895,         1.895,         0.000,         4.913,         0.000,         0.000,         0.000,         0.030,         0.000,         0.000,         0.000,         4.883,         0.000,
2022-11-11,        95.0107,         0.0000,       146.1406,        32.0,         0.0,         1.176,         1.176,         0.000,         5.062,         0.000,         0.000,         0.000,         0.030,         0.000,         0.000,         0.000,         5.032,         0.000,
2022-11-10,        95.0368,         0.0000,       146.4763,        32.1,         0.0,         1.077,         1.077,         0.000,         4.954,         0.000,         0.000,         0.000,         0.030,         0.000,         0.000,         0.000,         4.924,         0.000,
2022-11-09,        95.0628,         0.0000,       146.8113,        32.1,         0.0,         1.236,         1.236,         0.000,         5.000,         0.000,         0.000,         0.000,         0.030,         0.000,         0.000,         0.000,         4.970,         0.000,
2022-11-08,        95.0880,         0.0000,       147.1365,        32.2,         0.0,         0.592,         0.592,         0.000,         4.781,         0.000,         0.000,         0.000,         0.030,         0.000,         0.000,         0.000,         4.751,         0.000,
2022-11-07,        95.1160,         0.0000,       147.4984,        32.3,         0.0,         0.850,         0.850,         0.000,         4.866,         0.000,         0.000,         0.000,         0.030,         0.000,         0.000,         0.000,         4.836,         0.000,
2022-11-06,        95.1428,         0.0000,       147.8454,        32.4,         0.0,         1.096,         1.096,         0.000,         4.878,         0.000,         0.000,         0.000,         0.030,         0.000,         0.000,         0.000,         4.848,         0.000,
2022-11-05,        95.1680,         0.0000,       148.1722,        32.4,         0.0,         0.998,         0.998,         0.000,         4.907,         0.000,         0.000,         0.000,         0.030,         0.000,         0.000,         0.000,         4.877,         0.000,
2022-11-04,        95.1940,         0.0000,       148.5099,        32.5,         0.0,         1.744,         1.744,         0.000,         5.116,         0.000,         0.000,         0.000,         0.030,         0.000,         0.000,         0.000,         5.086,         0.000,
2022-11-03,        95.2164,         0.0000,       148.8012,        32.6,         0.0,         1.933,         1.933,         0.000,         5.084,         0.000,         0.000,         0.000,         0.030,         0.000,         0.000,         0.000,         5.054,         0.000,
2022-11-02,        95.2373,         0.0000,       149.0734,        32.6,         0.0,         2.499,         2.499,         0.000,         4.974,         0.000,         0.000,         0.000,         0.030,         0.000,         0.000,         0.000,         4.944,         0.000,
2022-11-01,        95.2537,         0.0000,       149.2873,        32.7,         0.0,         2.031,         2.031,         0.000,         4.962,         0.000,         0.000,         0.000,         0.030,         0.000,         0.000,         0.000,         4.932,         0.000,
2022-10-31,        95.2731,         0.0000,       149.5405,        32.7,         0.0,         2.746,         2.746,         0.000,         4.894,         0.000,         0.000,         0.000,         0.030,         0.000,         0.000,         0.000,         4.864,         0.000,
2022-10-30,        95.2873,         0.0000,       149.7261,        32.8,         0.0,         2.848,         2.848,         0.000,         4.937,         0.000,         0.000,         0.000,         0.030,         0.000,         0.000,         0.000,         4.907,         0.000,
2022-10-29,        95.3011,         0.0000,       149.9066,        32.8,         0.0,         2.722,         2.722,         0.000,         5.070,         0.000,         0.000,         0.000,         0.030,         0.000,         0.000,         0.000,         5.040,         0.000,
2022-10-28,        95.3166,         0.0000,       150.1095,        32.9,         0.0,         2.820,         2.820,         0.000,         5.034,         0.000,         0.000,         0.000,         0.030,         0.000,         0.000,         0.000,         5.004,         0.000,
2022-10-27,        95.3312,         0.0000,       150.3008,        32.9,         0.0,         3.190,         3.190,         0.000,         5.011,         0.000,         0.000,         0.000,         0.030,         0.000,         0.000,         0.000,         4.981,         0.000,
2022-10-26,        95.3432,         0.0000,       150.4581,        32.9,         0.0,         2.262,         2.262,         0.000,         5.088,         0.049,         0.000,         0.000,         0.029,         0.000,         0.000,         0.000,         5.010,         0.000,
2022-10-25,        95.3618,         0.0000,       150.7023,        33.0,         0.0,         2.666,         2.666,         0.000,         4.856,         0.000,         0.000,         0.000,         0.030,         0.000,         0.000,         0.000,         4.826,         0.000,
2022-10-24,        95.3762,         0.0000,       150.8915,        33.0,         0.0,         2.172,         2.172,         0.000,         4.881,         0.000,         0.000,         0.000,         0.030,         0.000,         0.000,         0.000,         4.851,         0.000,
2022-10-23,        95.3940,         0.0000,       151.1256,        33.1,         0.0,         2.265,         2.265,         0.000,         4.855,         0.000,         0.000,         0.000,         0.030,         0.000,         0.000,         0.000,         4.825,         0.000,
2022-10-22,        95.4110,         0.0000,       151.3494,        33.1,         0.1,         1.734,         1.734,         0.000,         4.953,         0.000,         0.000,         0.000,         0.030,         0.000,         0.000,         0.000,         4.923,         0.000,
2022-10-21,        95.4321,         0.0000,       151.6275,        33.2,         0.0,         1.548,         1.548,         0.000,         4.909,         0.000,         0.000,         0.000,         0.030,         0.000,         0.000,         0.000,         4.879,         0.000,
2022-10-20,        95.4541,         0.0000,       151.9178,        33.2,         0.0,         1.308,         1.308,         0.000,         4.918,         0.000,         0.000,         0.000,         0.030,         0.000,         0.000,         0.000,         4.888,         0.000,
2022-10-19,        95.4777,         0.0000,       152.2297,        33.3,         0.0,         1.122,         1.122,         0.000,         4.845,         0.000,         0.000,         0.000,         0.030,         0.000,         0.000,         0.000,         4.815,         0.000,
2022-10-18,        95.5020,         0.0000,       152.5514,        33.4,         0.0,         0.809,         0.809,         0.000,         4.752,         0.000,         0.000,         0.000,         0.030,         0.000,         0.000,         0.000,         4.722,         0.000,
2022-10-17,        95.5277,         0.0000,       152.8921,        33.5,         0.0,         0.438,         0.438,         0.000,         4.679,         0.000,         0.000,         0.000,         0.030,         0.000,         0.000,         0.000,         4.649,         0.000,
2022-10-16,        95.5553,         0.0000,       153.2585,        33.5,         0.0,         1.431,         1.431,         0.000,         4.047,         0.000,         0.000,         0.000,         0.030,         0.000,         0.000,         0.000,         4.017,         0.000,
2022-10-15,        95.5723,         0.0000,       153.4845,        33.6,         0.0,         2.460,         2.460,         0.000,         4.570,         0.000,         0.000,         0.000,         0.030,         0.000,         0.000,         0.000,         4.540,         0.000,
2022-10-14,        95.5860,         0.0000,       153.6668,        33.6,         0.0,         1.773,         1.773,         0.000,         4.780,         0.000,         0.000,         0.000,         0.030,         0.000,         0.000,         0.000,         4.750,         0.000,
2022-10-13,        95.6055,         0.0000,       153.9266,        33.7,         0.0,         2.916,         2.916,         0.000,        12.282,         0.000,         0.000,         0.000,         0.030,         7.424,         0.000,         0.000,         4.828,         0.000,
2022-10-12,        95.6661,         0.0000,       154.7359,        33.9,         0.0,         2.297,         2.297,         0.000,        16.364,         0.000,         0.000,         0.000,         0.030,        11.484,         0.000,         0.000,         4.850,         0.000,
2022-10-11,        95.7567,         0.0000,       155.9513,        34.1,         0.2,         4.403,         4.403,         0.000,        16.951,         0.000,         0.000,         0.000,         0.030,        12.115,         0.000,         0.000,         4.806,         0.000,
2022-10-10,        95.8371,         0.0000,       157.0354,        34.4,         2.2,         6.938,         6.938,         0.000,        17.316,         0.000,         0.000,         0.000,         0.031,        12.385,         0.000,         0.000,         4.900,         0.000,
2022-10-09,        95.9033,         0.0000,       157.9321,        34.6,         3.9,         7.304,         7.304,         0.000,        17.582,         0.000,         0.000,         0.000,         0.031,        12.651,         0.000,         0.000,         4.900,         0.000,
2022-10-08,        95.9686,         0.0000,       158.8201,        34.8,         0.0,         6.069,         6.069,         0.000,        17.860,         0.000,         0.000,         0.000,         0.031,        12.929,         0.000,         0.000,         4.900,         0.000,
2022-10-07,        96.0432,         0.0000,       159.8388,        35.0,         0.2,         5.356,         5.356,         0.000,        18.060,         0.000,         0.000,         0.000,         0.031,        13.214,         0.000,         0.000,         4.815,         0.000,
2022-10-06,        96.1232,         0.0000,       160.9364,        35.2,         0.0,         7.036,         7.036,         0.000,        18.330,         0.000,         0.000,         0.000,         0.031,        13.506,         0.000,         0.000,         4.793,         0.000,
2022-10-05,        96.1940,         0.0000,       161.9122,        35.4,         0.0,        10.007,        10.007,         0.000,        18.365,         0.000,         0.000,         0.000,         0.031,        13.777,         0.000,         0.000,         4.557,         0.000,
2022-10-04,        96.2462,         0.0000,       162.6343,        35.6,        28.9,        10.990,        10.990,         0.000,        18.232,         0.000,         0.000,         0.000,         0.030,        13.643,         0.000,         0.000,         4.559,         0.000,
2022-10-03,        96.2913,         0.0000,       163.2600,        35.7,         0.0,         3.614,         3.614,         0.000,        18.917,         0.000,         0.000,         0.000,         0.031,        14.385,         0.000,         0.000,         4.501,         0.000,
2022-10-02,        96.3862,         0.0000,       164.5822,        36.0,         0.0,         2.940,         2.940,         0.000,        19.289,         0.000,         0.000,         0.000,         0.031,        14.702,         0.000,         0.000,         4.556,         0.000,
2022-10-01,        96.4870,         0.0000,       165.9947,        36.3,         0.0,         3.620,         3.620,         0.000,        19.610,         0.000,         0.000,         0.000,         0.031,        15.023,         0.000,         0.000,         4.556,         0.000,
,,,,,,,,,,,,,,,,,,,
,,,,,,,,,,,,,,,,,,,
,,,,,,,,,,,,,,,,,,,
,,,,,,,,,,,,,,,,,,,
,,,,,,,,,,,,,,,,,,,
,,,,,,,,,,,,,,,,,,,
,,,,,,,,,,,,,,,,,,,
,,,,,,,,,,,,,,,,,,,
,,,,,,,,,,,,,,,,,,,
,,,,,,,,,,,,,,,,,,,
,,,,,,,,,,,,,,,,,,,
,,,,,,,,,,,,,,,,,,,
,,,,,,,,,,,,,,,,,,,
,,,,,,,,,,,,,,,,,,,
,,,,,,,,,,,,,,,,,,,
,,,,,,,,,,,,,,,,,,,
,,,,,,,,,,,,,,,,,,,
,,,,,,,,,,,,,,,,,,,
,,,,,,,,,,,,,,,,,,,
,,,,,,,,,,,,,,,,,,,
,,,,,,,,,,,,,,,,,,,
,,,,,,,,,,,,,,,,,,,
,,,,,,,,,,,,,,,,,,,
,,,,,,,,,,,,,,,,,,,
,,,,,,,,,,,,,,,,,,,
,,,,,,,,,,,,,,,,,,,
,,,,,,,,,,,,,,,,,,,
,,,,,,,,,,,,,,,,,,,
,,,,,,,,,,,,,,,,,,,
,,,,,,,,,,,,,,,,,,,
,,,,,,,,,,,,,,,,,,,
,,,,,,,,,,,,,,,,,,,
,,,,,,,,,,,,,,,,,,,
,,,,,,,,,,,,,,,,,,,
,,,,,,,,,,,,,,,,,,,
,,,,,,,,,,,,,,,,,,,
,,,,,,,,,,,,,,,,,,,
,,,,,,,,,,,,,,,,,,,
,,,,,,,,,,,,,,,,,,,
,,,,,,,,,,,,,,,,,,,
,,,,,,,,,,,,,,,,,,,
,,,,,,,,,,,,,,,,,,,
,,,,,,,,,,,,,,,,,,,
,,,,,,,,,,,,,,,,,,,
,,,,,,,,,,,,,,,,,,,
,,,,,,,,,,,,,,,,,,,
,,,,,,,,,,,,,,,,,,,
,,,,,,,,,,,,,,,,,,,
,,,,,,,,,,,,,,,,,,,
,,,,,,,,,,,,,,,,,,,
,,,,,,,,,,,,,,,,,,,
,,,,,,,,,,,,,,,,,,,
,,,,,,,,,,,,,,,,,,,
,,,,,,,,,,,,,,,,,,,
,,,,,,,,,,,,,,,,,,,
,,,,,,,,,,,,,,,,,,,
,,,,,,,,,,,,,,,,,,,
,,,,,,,,,,,,,,,,,,,
,,,,,,,,,,,,,,,,,,,
,,,,,,,,,,,,,,,,,,,
,,,,,,,,,,,,,,,,,,,
,,,,,,,,,,,,,,,,,,,
,,,,,,,,,,,,,,,,,,,
,,,,,,,,,,,,,,,,,,,
,,,,,,,,,,,,,,,,,,,
,,,,,,,,,,,,,,,,,,,
,,,,,,,,,,,,,,,,,,,
,,,,,,,,,,,,,,,,,,,
,,,,,,,,,,,,,,,,,,,
,,,,,,,,,,,,,,,,,,,
,,,,,,,,,,,,,,,,,,,
,,,,,,,,,,,,,,,,,,,
,,,,,,,,,,,,,,,,,,,
,,,,,,,,,,,,,,,,,,,
,,,,,,,,,,,,,,,,,,,
,,,,,,,,,,,,,,,,,,,
,,,,,,,,,,,,,,,,,,,
,,,,,,,,,,,,,,,,,,,
,,,,,,,,,,,,,,,,,,,
,,,,,,,,,,,,,,,,,,,
,,,,,,,,,,,,,,,,,,,
,,,,,,,,,,,,,,,,,,,
,,,,,,,,,,,,,,,,,,,
,,,,,,,,,,,,,,,,,,,
,,,,,,,,,,,,,,,,,,,
,,,,,,,,,,,,,,,,,,,
,,,,,,,,,,,,,,,,,,,
,,,,,,,,,,,,,,,,,,,
,,,,,,,,,,,,,,,,,,,
,,,,,,,,,,,,,,,,,,,
,,,,,,,,,,,,,,,,,,,
,,,,,,,,,,,,,,,,,,,
,,,,,,,,,,,,,,,,,,,
,,,,,,,,,,,,,,,,,,,
,,,,,,,,,,,,,,,,,,,
,,,,,,,,,,,,,,,,,,,
,,,,,,,,,,,,,,,,,,,
,,,,,,,,,,,,,,,,,,,
,,,,,,,,,,,,,,,,,,,
,,,,,,,,,,,,,,,,,,,
,,,,,,,,,,,,,,,,,,,
,,,,,,,,,,,,,,,,,,,
,,,,,,,,,,,,,,,,,,,
,,,,,,,,,,,,,,,,,,,
,,,,,,,,,,,,,,,,,,,
,,,,,,,,,,,,,,,,,,,
,,,,,,,,,,,,,,,,,,,
,,,,,,,,,,,,,,,,,,,
,,,,,,,,,,,,,,,,,,,
,,,,,,,,,,,,,,,,,,,
,,,,,,,,,,,,,,,,,,,
,,,,,,,,,,,,,,,,,,,
,,,,,,,,,,,,,,,,,,,
,,,,,,,,,,,,,,,,,,,
,,,,,,,,,,,,,,,,,,,
,,,,,,,,,,,,,,,,,,,
,,,,,,,,,,,,,,,,,,,
,,,,,,,,,,,,,,,,,,,
,,,,,,,,,,,,,,,,,,,
,,,,,,,,,,,,,,,,,,,
,,,,,,,,,,,,,,,,,,,
,,,,,,,,,,,,,,,,,,,
,,,,,,,,,,,,,,,,,,,
,,,,,,,,,,,,,,,,,,,
,,,,,,,,,,,,,,,,,,,
,,,,,,,,,,,,,,,,,,,
,,,,,,,,,,,,,,,,,,,
,,,,,,,,,,,,,,,,,,,
,,,,,,,,,,,,,,,,,,,
,,,,,,,,,,,,,,,,,,,
,,,,,,,,,,,,,,,,,,,
,,,,,,,,,,,,,,,,,,,
,,,,,,,,,,,,,,,,,,,
,,,,,,,,,,,,,,,,,,,
,,,,,,,,,,,,,,,,,,,
,,,,,,,,,,,,,,,,,,,
,,,,,,,,,,,,,,,,,,,
,,,,,,,,,,,,,,,,,,,
,,,,,,,,,,,,,,,,,,,
,,,,,,,,,,,,,,,,,,,
,,,,,,,,,,,,,,,,,,,
,,,,,,,,,,,,,,,,,,,
,,,,,,,,,,,,,,,,,,,
,,,,,,,,,,,,,,,,,,,
,,,,,,,,,,,,,,,,,,,
,,,,,,,,,,,,,,,,,,,
,,,,,,,,,,,,,,,,,,,
,,,,,,,,,,,,,,,,,,,
,,,,,,,,,,,,,,,,,,,
,,,,,,,,,,,,,,,,,,,
,,,,,,,,,,,,,,,,,,,
,,,,,,,,,,,,,,,,,,,
,,,,,,,,,,,,,,,,,,,
,,,,,,,,,,,,,,,,,,,
,,,,,,,,,,,,,,,,,,,
,,,,,,,,,,,,,,,,,,,
,,,,,,,,,,,,,,,,,,,
,,,,,,,,,,,,,,,,,,,
,,,,,,,,,,,,,,,,,,,
,,,,,,,,,,,,,,,,,,,
,,,,,,,,,,,,,,,,,,,
,,,,,,,,,,,,,,,,,,,
,,,,,,,,,,,,,,,,,,,
,,,,,,,,,,,,,,,,,,,
,,,,,,,,,,,,,,,,,,,
,,,,,,,,,,,,,,,,,,,
,,,,,,,,,,,,,,,,,,,
,,,,,,,,,,,,,,,,,,,
,,,,,,,,,,,,,,,,,,,
,,,,,,,,,,,,,,,,,,,
,,,,,,,,,,,,,,,,,,,
,,,,,,,,,,,,,,,,,,,
,,,,,,,,,,,,,,,,,,,
,,,,,,,,,,,,,,,,,,,
,,,,,,,,,,,,,,,,,,,
,,,,,,,,,,,,,,,,,,,
,,,,,,,,,,,,,,,,,,,
,,,,,,,,,,,,,,,,,,,
,,,,,,,,,,,,,,,,,,,
,,,,,,,,,,,,,,,,,,,
,,,,,,,,,,,,,,,,,,,
,,,,,,,,,,,,,,,,,,,
,,,,,,,,,,,,,,,,,,,
,,,,,,,,,,,,,,,,,,,
,,,,,,,,,,,,,,,,,,,
,,,,,,,,,,,,,,,,,,,
,,,,,,,,,,,,,,,,,,,
,,,,,,,,,,,,,,,,,,,
,,,,,,,,,,,,,,,,,,,
,,,,,,,,,,,,,,,,,,,
,,,,,,,,,,,,,,,,,,,
,,,,,,,,,,,,,,,,,,,
,,,,,,,,,,,,,,,,,,,
,,,,,,,,,,,,,,,,,,,
,,,,,,,,,,,,,,,,,,,
,,,,,,,,,,,,,,,,,,,
,,,,,,,,,,,,,,,,,,,
,,,,,,,,,,,,,,,,,,,
,,,,,,,,,,,,,,,,,,,
,,,,,,,,,,,,,,,,,,,
,,,,,,,,,,,,,,,,,,,
,,,,,,,,,,,,,,,,,,,
,,,,,,,,,,,,,,,,,,,
,,,,,,,,,,,,,,,,,,,
,,,,,,,,,,,,,,,,,,,
,,,,,,,,,,,,,,,,,,,
,,,,,,,,,,,,,,,,,,,
,,,,,,,,,,,,,,,,,,,
,,,,,,,,,,,,,,,,,,,
,,,,,,,,,,,,,,,,,,,
,,,,,,,,,,,,,,,,,,,
,,,,,,,,,,,,,,,,,,,
,,,,,,,,,,,,,,,,,,,
,,,,,,,,,,,,,,,,,,,
,,,,,,,,,,,,,,,,,,,
,,,,,,,,,,,,,,,,,,,
,,,,,,,,,,,,,,,,,,,
,,,,,,,,,,,,,,,,,,,
,,,,,,,,,,,,,,,,,,,
,,,,,,,,,,,,,,,,,,,
,,,,,,,,,,,,,,,,,,,
,,,,,,,,,,,,,,,,,,,
,,,,,,,,,,,,,,,,,,,
,,,,,,,,,,,,,,,,,,,
,,,,,,,,,,,,,,,,,,,
,,,,,,,,,,,,,,,,,,,
,,,,,,,,,,,,,,,,,,,
,,,,,,,,,,,,,,,,,,,
,,,,,,,,,,,,,,,,,,,
,,,,,,,,,,,,,,,,,,,
,,,,,,,,,,,,,,,,,,,
,,,,,,,,,,,,,,,,,,,
,,,,,,,,,,,,,,,,,,,
,,,,,,,,,,,,,,,,,,,
,,,,,,,,,,,,,,,,,,,
,,,,,,,,,,,,,,,,,,,
,,,,,,,,,,,,,,,,,,,
,,,,,,,,,,,,,,,,,,,
,,,,,,,,,,,,,,,,,,,
,,,,,,,,,,,,,,,,,,,
,,,,,,,,,,,,,,,,,,,
,,,,,,,,,,,,,,,,,,,
,,,,,,,,,,,,,,,,,,,
,,,,,,,,,,,,,,,,,,,
,,,,,,,,,,,,,,,,,,,
,,,,,,,,,,,,,,,,,,,
,,,,,,,,,,,,,,,,,,,
,,,,,,,,,,,,,,,,,,,
,,,,,,,,,,,,,,,,,,,
,,,,,,,,,,,,,,,,,,,
,,,,,,,,,,,,,,,,,,,
,,,,,,,,,,,,,,,,,,,
,,,,,,,,,,,,,,,,,,,
,,,,,,,,,,,,,,,,,,,
,,,,,,,,,,,,,,,,,,,
,,,,,,,,,,,,,,,,,,,
,,,,,,,,,,,,,,,,,,,
,,,,,,,,,,,,,,,,,,,
,,,,,,,,,,,,,,,,,,,
,,,,,,,,,,,,,,,,,,,
,,,,,,,,,,,,,,,,,,,
,,,,,,,,,,,,,,,,,,,
,,,,,,,,,,,,,,,,,,,
,,,,,,,,,,,,,,,,,,,
,,,,,,,,,,,,,,,,,,,
,,,,,,,,,,,,,,,,,,,
,,,,,,,,,,,,,,,,,,,
,,,,,,,,,,,,,,,,,,,
,,,,,,,,,,,,,,,,,,,
,,,,,,,,,,,,,,,,,,,
,,,,,,,,,,,,,,,,,,,
,,,,,,,,,,,,,,,,,,,
,,,,,,,,,,,,,,,,,,,
,,,,,,,,,,,,,,,,,,,
,,,,,,,,,,,,,,,,,,,
,,,,,,,,,,,,,,,,,,,
,,,,,,,,,,,,,,,,,,,
,,,,,,,,,,,,,,,,,,,
,,,,,,,,,,,,,,,,,,,
,,,,,,,,,,,,,,,,,,,
,,,,,,,,,,,,,,,,,,,
,,,,,,,,,,,,,,,,,,,
,,,,,,,,,,,,,,,,,,,
,,,,,,,,,,,,,,,,,,,
,,,,,,,,,,,,,,,,,,,
,,,,,,,,,,,,,,,,,,,
,,,,,,,,,,,,,,,,,,,
,,,,,,,,,,,,,,,,,,,
,,,,,,,,,,,,,,,,,,,
,,,,,,,,,,,,,,,,,,,
,,,,,,,,,,,,,,,,,,,
,,,,,,,,,,,,,,,,,,,
,,,,,,,,,,,,,,,,,,,
,,,,,,,,,,,,,,,,,,,
,,,,,,,,,,,,,,,,,,,
,,,,,,,,,,,,,,,,,,,
,,,,,,,,,,,,,,,,,,,
,,,,,,,,,,,,,,,,,,,
,,,,,,,,,,,,,,,,,,,
,,,,,,,,,,,,,,,,,,,
,,,,,,,,,,,,,,,,,,,
,,,,,,,,,,,,,,,,,,,
,,,,,,,,,,,,,,,,,,,
,,,,,,,,,,,,,,,,,,,
,,,,,,,,,,,,,,,,,,,
,,,,,,,,,,,,,,,,,,,
,,,,,,,,,,,,,,,,,,,
,,,,,,,,,,,,,,,,,,,
,,,,,,,,,,,,,,,,,,,
,,,,,,,,,,,,,,,,,,,
,,,,,,,,,,,,,,,,,,,
,,,,,,,,,,,,,,,,,,,
,,,,,,,,,,,,,,,,,,,
,,,,,,,,,,,,,,,,,,,
,,,,,,,,,,,,,,,,,,,
,,,,,,,,,,,,,,,,,,,
,,,,,,,,,,,,,,,,,,,
,,,,,,,,,,,,,,,,,,,
,,,,,,,,,,,,,,,,,,,
,,,,,,,,,,,,,,,,,,,
,,,,,,,,,,,,,,,,,,,
,,,,,,,,,,,,,,,,,,,
,,,,,,,,,,,,,,,,,,,
,,,,,,,,,,,,,,,,,,,
,,,,,,,,,,,,,,,,,,,
,,,,,,,,,,,,,,,,,,,
,,,,,,,,,,,,,,,,,,,
,,,,,,,,,,,,,,,,,,,
,,,,,,,,,,,,,,,,,,,
,,,,,,,,,,,,,,,,,,,
,,,,,,,,,,,,,,,,,,,
,,,,,,,,,,,,,,,,,,,
,,,,,,,,,,,,,,,,,,,
,,,,,,,,,,,,,,,,,,,
,,,,,,,,,,,,,,,,,,,
,,,,,,,,,,,,,,,,,,,
,,,,,,,,,,,,,,,,,,,
,,,,,,,,,,,,,,,,,,,
,,,,,,,,,,,,,,,,,,,
,,,,,,,,,,,,,,,,,,,
,,,,,,,,,,,,,,,,,,,
,,,,,,,,,,,,,,,,,,,
,,,,,,,,,,,,,,,,,,,
,,,,,,,,,,,,,,,,,,,
,,,,,,,,,,,,,,,,,,,
,,,,,,,,,,,,,,,,,,,
,,,,,,,,,,,,,,,,,,,
,,,,,,,,,,,,,,,,,,,
,,,,,,,,,,,,,,,,,,,
,,,,,,,,,,,,,,,,,,,
,,,,,,,,,,,,,,,,,,,
,,,,,,,,,,,,,,,,,,,
,,,,,,,,,,,,,,,,,,,
,,,,,,,,,,,,,,,,,,,
,,,,,,,,,,,,,,,,,,,
,,,,,,,,,,,,,,,,,,,
,,,,,,,,,,,,,,,,,,,
,,,,,,,,,,,,,,,,,,,
,,,,,,,,,,,,,,,,,,,
,,,,,,,,,,,,,,,,,,,
,,,,,,,,,,,,,,,,,,,
,,,,,,,,,,,,,,,,,,,
,,,,,,,,,,,,,,,,,,,
,,,,,,,,,,,,,,,,,,,
,,,,,,,,,,,,,,,,,,,
,,,,,,,,,,,,,,,,,,,
,,,,,,,,,,,,,,,,,,,
,,,,,,,,,,,,,,,,,,,
,,,,,,,,,,,,,,,,,,,
,,,,,,,,,,,,,,,,,,,
,,,,,,,,,,,,,,,,,,,
,,,,,,,,,,,,,,,,,,,
,,,,,,,,,,,,,,,,,,,
,,,,,,,,,,,,,,,,,,,
,,,,,,,,,,,,,,,,,,,
,,,,,,,,,,,,,,,,,,,
,,,,,,,,,,,,,,,,,,,
,,,,,,,,,,,,,,,,,,,
,,,,,,,,,,,,,,,,,,,
,,,,,,,,,,,,,,,,,,,
,,,,,,,,,,,,,,,,,,,
,,,,,,,,,,,,,,,,,,,
,,,,,,,,,,,,,,,,,,,
,,,,,,,,,,,,,,,,,,,
,,,,,,,,,,,,,,,,,,,
,,,,,,,,,,,,,,,,,,,
,,,,,,,,,,,,,,,,,,,
,,,,,,,,,,,,,,,,,,,
,,,,,,,,,,,,,,,,,,,
,,,,,,,,,,,,,,,,,,,
,,,,,,,,,,,,,,,,,,,
,,,,,,,,,,,,,,,,,,,
,,,,,,,,,,,,,,,,,,,
,,,,,,,,,,,,,,,,,,,
,,,,,,,,,,,,,,,,,,,
,,,,,,,,,,,,,,,,,,,
,,,,,,,,,,,,,,,,,,,
,,,,,,,,,,,,,,,,,,,
,,,,,,,,,,,,,,,,,,,
,,,,,,,,,,,,,,,,,,,
,,,,,,,,,,,,,,,,,,,
,,,,,,,,,,,,,,,,,,,
,,,,,,,,,,,,,,,,,,,
,,,,,,,,,,,,,,,,,,,
,,,,,,,,,,,,,,,,,,,
,,,,,,,,,,,,,,,,,,,
,,,,,,,,,,,,,,,,,,,
,,,,,,,,,,,,,,,,,,,
,,,,,,,,,,,,,,,,,,,
,,,,,,,,,,,,,,,,,,,
,,,,,,,,,,,,,,,,,,,
,,,,,,,,,,,,,,,,,,,
,,,,,,,,,,,,,,,,,,,
,,,,,,,,,,,,,,,,,,,
,,,,,,,,,,,,,,,,,,,
,,,,,,,,,,,,,,,,,,,
,,,,,,,,,,,,,,,,,,,
,,,,,,,,,,,,,,,,,,,
,,,,,,,,,,,,,,,,,,,
,,,,,,,,,,,,,,,,,,,
,,,,,,,,,,,,,,,,,,,
,,,,,,,,,,,,,,,,,,,
,,,,,,,,,,,,,,,,,,,
,,,,,,,,,,,,,,,,,,,
,,,,,,,,,,,,,,,,,,,
,,,,,,,,,,,,,,,,,,,
,,,,,,,,,,,,,,,,,,,
,,,,,,,,,,,,,,,,,,,
,,,,,,,,,,,,,,,,,,,
,,,,,,,,,,,,,,,,,,,
,,,,,,,,,,,,,,,,,,,
,,,,,,,,,,,,,,,,,,,
,,,,,,,,,,,,,,,,,,,
,,,,,,,,,,,,,,,,,,,
,,,,,,,,,,,,,,,,,,,
,,,,,,,,,,,,,,,,,,,
,,,,,,,,,,,,,,,,,,,
,,,,,,,,,,,,,,,,,,,
,,,,,,,,,,,,,,,,,,,
,,,,,,,,,,,,,,,,,,,
,,,,,,,,,,,,,,,,,,,
,,,,,,,,,,,,,,,,,,,
,,,,,,,,,,,,,,,,,,,
,,,,,,,,,,,,,,,,,,,
,,,,,,,,,,,,,,,,,,,
,,,,,,,,,,,,,,,,,,,
,,,,,,,,,,,,,,,,,,,
,,,,,,,,,,,,,,,,,,,
,,,,,,,,,,,,,,,,,,,
,,,,,,,,,,,,,,,,,,,
,,,,,,,,,,,,,,,,,,,
,,,,,,,,,,,,,,,,,,,
,,,,,,,,,,,,,,,,,,,
,,,,,,,,,,,,,,,,,,,
,,,,,,,,,,,,,,,,,,,
,,,,,,,,,,,,,,,,,,,
,,,,,,,,,,,,,,,,,,,
,,,,,,,,,,,,,,,,,,,
,,,,,,,,,,,,,,,,,,,
,,,,,,,,,,,,,,,,,,,
,,,,,,,,,,,,,,,,,,,
,,,,,,,,,,,,,,,,,,,
,,,,,,,,,,,,,,,,,,,
,,,,,,,,,,,,,,,,,,,
,,,,,,,,,,,,,,,,,,,
,,,,,,,,,,,,,,,,,,,
,,,,,,,,,,,,,,,,,,,
,,,,,,,,,,,,,,,,,,,
,,,,,,,,,,,,,,,,,,,
,,,,,,,,,,,,,,,,,,,
,,,,,,,,,,,,,,,,,,,
,,,,,,,,,,,,,,,,,,,
,,,,,,,,,,,,,,,,,,,
,,,,,,,,,,,,,,,,,,,
,,,,,,,,,,,,,,,,,,,
,,,,,,,,,,,,,,,,,,,
,,,,,,,,,,,,,,,,,,,
,,,,,,,,,,,,,,,,,,,
,,,,,,,,,,,,,,,,,,,
,,,,,,,,,,,,,,,,,,,
,,,,,,,,,,,,,,,,,,,
,,,,,,,,,,,,,,,,,,,
,,,,,,,,,,,,,,,,,,,
,,,,,,,,,,,,,,,,,,,
,,,,,,,,,,,,,,,,,,,
,,,,,,,,,,,,,,,,,,,
,,,,,,,,,,,,,,,,,,,
,,,,,,,,,,,,,,,,,,,
,,,,,,,,,,,,,,,,,,,
,,,,,,,,,,,,,,,,,,,
,,,,,,,,,,,,,,,,,,,
,,,,,,,,,,,,,,,,,,,
,,,,,,,,,,,,,,,,,,,
,,,,,,,,,,,,,,,,,,,
,,,,,,,,,,,,,,,,,,,
,,,,,,,,,,,,,,,,,,,
,,,,,,,,,,,,,,,,,,,
,,,,,,,,,,,,,,,,,,,
,,,,,,,,,,,,,,,,,,,
,,,,,,,,,,,,,,,,,,,
,,,,,,,,,,,,,,,,,,,
,,,,,,,,,,,,,,,,,,,
,,,,,,,,,,,,,,,,,,,
,,,,,,,,,,,,,,,,,,,
,,,,,,,,,,,,,,,,,,,
,,,,,,,,,,,,,,,,,,,
,,,,,,,,,,,,,,,,,,,
,,,,,,,,,,,,,,,,,,,
,,,,,,,,,,,,,,,,,,,
,,,,,,,,,,,,,,,,,,,
,,,,,,,,,,,,,,,,,,,
,,,,,,,,,,,,,,,,,,,
,,,,,,,,,,,,,,,,,,,
,,,,,,,,,,,,,,,,,,,
,,,,,,,,,,,,,,,,,,,
,,,,,,,,,,,,,,,,,,,
,,,,,,,,,,,,,,,,,,,
,,,,,,,,,,,,,,,,,,,
,,,,,,,,,,,,,,,,,,,
,,,,,,,,,,,,,,,,,,,
,,,,,,,,,,,,,,,,,,,
,,,,,,,,,,,,,,,,,,,
,,,,,,,,,,,,,,,,,,,
,,,,,,,,,,,,,,,,,,,
,,,,,,,,,,,,,,,,,,,
,,,,,,,,,,,,,,,,,,,
,,,,,,,,,,,,,,,,,,,
,,,,,,,,,,,,,,,,,,,
,,,,,,,,,,,,,,,,,,,
,,,,,,,,,,,,,,,,,,,
,,,,,,,,,,,,,,,,,,,
,,,,,,,,,,,,,,,,,,,
,,,,,,,,,,,,,,,,,,,
,,,,,,,,,,,,,,,,,,,
,,,,,,,,,,,,,,,,,,,
,,,,,,,,,,,,,,,,,,,
,,,,,,,,,,,,,,,,,,,
,,,,,,,,,,,,,,,,,,,
,,,,,,,,,,,,,,,,,,,
,,,,,,,,,,,,,,,,,,,
,,,,,,,,,,,,,,,,,,,
,,,,,,,,,,,,,,,,,,,
,,,,,,,,,,,,,,,,,,,
,,,,,,,,,,,,,,,,,,,
,,,,,,,,,,,,,,,,,,,
,,,,,,,,,,,,,,,,,,,
,,,,,,,,,,,,,,,,,,,
,,,,,,,,,,,,,,,,,,,
,,,,,,,,,,,,,,,,,,,
,,,,,,,,,,,,,,,,,,,
,,,,,,,,,,,,,,,,,,,
,,,,,,,,,,,,,,,,,,,
,,,,,,,,,,,,,,,,,,,
,,,,,,,,,,,,,,,,,,,
,,,,,,,,,,,,,,,,,,,
,,,,,,,,,,,,,,,,,,,
,,,,,,,,,,,,,,,,,,,
,,,,,,,,,,,,,,,,,,,
,,,,,,,,,,,,,,,,,,,
,,,,,,,,,,,,,,,,,,,
,,,,,,,,,,,,,,,,,,,
,,,,,,,,,,,,,,,,,,,
,,,,,,,,,,,,,,,,,,,
,,,,,,,,,,,,,,,,,,,
,,,,,,,,,,,,,,,,,,,
,,,,,,,,,,,,,,,,,,,
,,,,,,,,,,,,,,,,,,,
,,,,,,,,,,,,,,,,,,,
,,,,,,,,,,,,,,,,,,,
,,,,,,,,,,,,,,,,,,,
,,,,,,,,,,,,,,,,,,,
,,,,,,,,,,,,,,,,,,,
,,,,,,,,,,,,,,,,,,,
,,,,,,,,,,,,,,,,,,,
,,,,,,,,,,,,,,,,,,,
,,,,,,,,,,,,,,,,,,,
,,,,,,,,,,,,,,,,,,,
,,,,,,,,,,,,,,,,,,,
,,,,,,,,,,,,,,,,,,,
,,,,,,,,,,,,,,,,,,,
,,,,,,,,,,,,,,,,,,,
,,,,,,,,,,,,,,,,,,,
,,,,,,,,,,,,,,,,,,,
,,,,,,,,,,,,,,,,,,,
,,,,,,,,,,,,,,,,,,,
,,,,,,,,,,,,,,,,,,,
,,,,,,,,,,,,,,,,,,,
,,,,,,,,,,,,,,,,,,,
,,,,,,,,,,,,,,,,,,,
,,,,,,,,,,,,,,,,,,,
,,,,,,,,,,,,,,,,,,,
,,,,,,,,,,,,,,,,,,,
,,,,,,,,,,,,,,,,,,,
,,,,,,,,,,,,,,,,,,,
,,,,,,,,,,,,,,,,,,,
,,,,,,,,,,,,,,,,,,,
,,,,,,,,,,,,,,,,,,,
,,,,,,,,,,,,,,,,,,,
,,,,,,,,,,,,,,,,,,,
,,,,,,,,,,,,,,,,,,,
,,,,,,,,,,,,,,,,,,,
,,,,,,,,,,,,,,,,,,,
,,,,,,,,,,,,,,,,,,,
,,,,,,,,,,,,,,,,,,,
,,,,,,,,,,,,,,,,,,,
,,,,,,,,,,,,,,,,,,,
,,,,,,,,,,,,,,,,,,,
,,,,,,,,,,,,,,,,,,,
,,,,,,,,,,,,,,,,,,,
,,,,,,,,,,,,,,,,,,,
,,,,,,,,,,,,,,,,,,,
,,,,,,,,,,,,,,,,,,,
,,,,,,,,,,,,,,,,,,,
,,,,,,,,,,,,,,,,,,,
,,,,,,,,,,,,,,,,,,,
,,,,,,,,,,,,,,,,,,,
,,,,,,,,,,,,,,,,,,,
,,,,,,,,,,,,,,,,,,,
,,,,,,,,,,,,,,,,,,,
,,,,,,,,,,,,,,,,,,,
,,,,,,,,,,,,,,,,,,,
,,,,,,,,,,,,,,,,,,,
,,,,,,,,,,,,,,,,,,,
,,,,,,,,,,,,,,,,,,,
,,,,,,,,,,,,,,,,,,,
,,,,,,,,,,,,,,,,,,,
,,,,,,,,,,,,,,,,,,,
,,,,,,,,,,,,,,,,,,,
,,,,,,,,,,,,,,,,,,,
,,,,,,,,,,,,,,,,,,,
,,,,,,,,,,,,,,,,,,,
,,,,,,,,,,,,,,,,,,,
,,,,,,,,,,,,,,,,,,,
,,,,,,,,,,,,,,,,,,,
,,,,,,,,,,,,,,,,,,,
,,,,,,,,,,,,,,,,,,,
,,,,,,,,,,,,,,,,,,,
,,,,,,,,,,,,,,,,,,,
,,,,,,,,,,,,,,,,,,,
,,,,,,,,,,,,,,,,,,,
,,,,,,,,,,,,,,,,,,,
,,,,,,,,,,,,,,,,,,,
,,,,,,,,,,,,,,,,,,,
,,,,,,,,,,,,,,,,,,,
,,,,,,,,,,,,,,,,,,,
,,,,,,,,,,,,,,,,,,,
,,,,,,,,,,,,,,,,,,,
,,,,,,,,,,,,,,,,,,,
,,,,,,,,,,,,,,,,,,,
,,,,,,,,,,,,,,,,,,,
,,,,,,,,,,,,,,,,,,,
,,,,,,,,,,,,,,,,,,,
,,,,,,,,,,,,,,,,,,,
,,,,,,,,,,,,,,,,,,,
,,,,,,,,,,,,,,,,,,,
,,,,,,,,,,,,,,,,,,,
,,,,,,,,,,,,,,,,,,,
,,,,,,,,,,,,,,,,,,,
,,,,,,,,,,,,,,,,,,,
,,,,,,,,,,,,,,,,,,,
,,,,,,,,,,,,,,,,,,,
,,,,,,,,,,,,,,,,,,,
,,,,,,,,,,,,,,,,,,,
,,,,,,,,,,,,,,,,,,,
,,,,,,,,,,,,,,,,,,,
,,,,,,,,,,,,,,,,,,,
,,,,,,,,,,,,,,,,,,,
,,,,,,,,,,,,,,,,,,,
,,,,,,,,,,,,,,,,,,,
,,,,,,,,,,,,,,,,,,,
,,,,,,,,,,,,,,,,,,,
,,,,,,,,,,,,,,,,,,,
,,,,,,,,,,,,,,,,,,,
,,,,,,,,,,,,,,,,,,,
,,,,,,,,,,,,,,,,,,,
,,,,,,,,,,,,,,,,,,,
,,,,,,,,,,,,,,,,,,,
,,,,,,,,,,,,,,,,,,,
,,,,,,,,,,,,,,,,,,,
,,,,,,,,,,,,,,,,,,,
,,,,,,,,,,,,,,,,,,,
,,,,,,,,,,,,,,,,,,,
,,,,,,,,,,,,,,,,,,,
,,,,,,,,,,,,,,,,,,,
,,,,,,,,,,,,,,,,,,,
,,,,,,,,,,,,,,,,,,,
,,,,,,,,,,,,,,,,,,,
,,,,,,,,,,,,,,,,,,,
,,,,,,,,,,,,,,,,,,,
,,,,,,,,,,,,,,,,,,,
,,,,,,,,,,,,,,,,,,,
,,,,,,,,,,,,,,,,,,,
,,,,,,,,,,,,,,,,,,,
,,,,,,,,,,,,,,,,,,,
,,,,,,,,,,,,,,,,,,,
,,,,,,,,,,,,,,,,,,,
,,,,,,,,,,,,,,,,,,,
,,,,,,,,,,,,,,,,,,,
,,,,,,,,,,,,,,,,,,,
,,,,,,,,,,,,,,,,,,,
,,,,,,,,,,,,,,,,,,,
,,,,,,,,,,,,,,,,,,,
,,,,,,,,,,,,,,,,,,,
,,,,,,,,,,,,,,,,,,,
,,,,,,,,,,,,,,,,,,,
,,,,,,,,,,,,,,,,,,,
,,,,,,,,,,,,,,,,,,,
,,,,,,,,,,,,,,,,,,,
,,,,,,,,,,,,,,,,,,,
,,,,,,,,,,,,,,,,,,,
,,,,,,,,,,,,,,,,,,,
,,,,,,,,,,,,,,,,,,,
,,,,,,,,,,,,,,,,,,,
,,,,,,,,,,,,,,,,,,,
,,,,,,,,,,,,,,,,,,,
,,,,,,,,,,,,,,,,,,,
,,,,,,,,,,,,,,,,,,,
,,,,,,,,,,,,,,,,,,,
,,,,,,,,,,,,,,,,,,,
,,,,,,,,,,,,,,,,,,,
,,,,,,,,,,,,,,,,,,,
,,,,,,,,,,,,,,,,,,,
,,,,,,,,,,,,,,,,,,,
,,,,,,,,,,,,,,,,,,,
,,,,,,,,,,,,,,,,,,,
,,,,,,,,,,,,,,,,,,,
,,,,,,,,,,,,,,,,,,,
,,,,,,,,,,,,,,,,,,,
,,,,,,,,,,,,,,,,,,,
,,,,,,,,,,,,,,,,,,,
,,,,,,,,,,,,,,,,,,,
,,,,,,,,,,,,,,,,,,,
,,,,,,,,,,,,,,,,,,,
,,,,,,,,,,,,,,,,,,,
,,,,,,,,,,,,,,,,,,,
,,,,,,,,,,,,,,,,,,,
,,,,,,,,,,,,,,,,,,,
,,,,,,,,,,,,,,,,,,,
,,,,,,,,,,,,,,,,,,,
,,,,,,,,,,,,,,,,,,,
,,,,,,,,,,,,,,,,,,,
,,,,,,,,,,,,,,,,,,,
,,,,,,,,,,,,,,,,,,,
,,,,,,,,,,,,,,,,,,,
,,,,,,,,,,,,,,,,,,,
,,,,,,,,,,,,,,,,,,,
,,,,,,,,,,,,,,,,,,,
,,,,,,,,,,,,,,,,,,,
,,,,,,,,,,,,,,,,,,,
,,,,,,,,,,,,,,,,,,,
,,,,,,,,,,,,,,,,,,,
,,,,,,,,,,,,,,,,,,,
,,,,,,,,,,,,,,,,,,,
,,,,,,,,,,,,,,,,,,,
,,,,,,,,,,,,,,,,,,,
,,,,,,,,,,,,,,,,,,,
,,,,,,,,,,,,,,,,,,,
,,,,,,,,,,,,,,,,,,,
,,,,,,,,,,,,,,,,,,,
,,,,,,,,,,,,,,,,,,,
,,,,,,,,,,,,,,,,,,,
,,,,,,,,,,,,,,,,,,,
,,,,,,,,,,,,,,,,,,,
,,,,,,,,,,,,,,,,,,,
,,,,,,,,,,,,,,,,,,,
,,,,,,,,,,,,,,,,,,,
,,,,,,,,,,,,,,,,,,,
,,,,,,,,,,,,,,,,,,,
,,,,,,,,,,,,,,,,,,,
,,,,,,,,,,,,,,,,,,,
,,,,,,,,,,,,,,,,,,,
,,,,,,,,,,,,,,,,,,,
,,,,,,,,,,,,,,,,,,,
,,,,,,,,,,,,,,,,,,,
,,,,,,,,,,,,,,,,,,,
,,,,,,,,,,,,,,,,,,,
,,,,,,,,,,,,,,,,,,,
,,,,,,,,,,,,,,,,,,,
,,,,,,,,,,,,,,,,,,,
,,,,,,,,,,,,,,,,,,,
,,,,,,,,,,,,,,,,,,,
,,,,,,,,,,,,,,,,,,,
,,,,,,,,,,,,,,,,,,,
,,,,,,,,,,,,,,,,,,,
,,,,,,,,,,,,,,,,,,,
,,,,,,,,,,,,,,,,,,,
,,,,,,,,,,,,,,,,,,,
,,,,,,,,,,,,,,,,,,,
,,,,,,,,,,,,,,,,,,,
,,,,,,,,,,,,,,,,,,,
,,,,,,,,,,,,,,,,,,,
,,,,,,,,,,,,,,,,,,,
,,,,,,,,,,,,,,,,,,,
,,,,,,,,,,,,,,,,,,,
,,,,,,,,,,,,,,,,,,,
,,,,,,,,,,,,,,,,,,,
,,,,,,,,,,,,,,,,,,,
,,,,,,,,,,,,,,,,,,,
,,,,,,,,,,,,,,,,,,,
,,,,,,,,,,,,,,,,,,,
,,,,,,,,,,,,,,,,,,,
,,,,,,,,,,,,,,,,,,,
,,,,,,,,,,,,,,,,,,,
,,,,,,,,,,,,,,,,,,,
,,,,,,,,,,,,,,,,,,,
,,,,,,,,,,,,,,,,,,,
,,,,,,,,,,,,,,,,,,,
,,,,,,,,,,,,,,,,,,,
,,,,,,,,,,,,,,,,,,,
,,,,,,,,,,,,,,,,,,,
,,,,,,,,,,,,,,,,,,,
,,,,,,,,,,,,,,,,,,,
,,,,,,,,,,,,,,,,,,,
,,,,,,,,,,,,,,,,,,,
,,,,,,,,,,,,,,,,,,,
,,,,,,,,,,,,,,,,,,,
,,,,,,,,,,,,,,,,,,,
,,,,,,,,,,,,,,,,,,,
,,,,,,,,,,,,,,,,,,,
,,,,,,,,,,,,,,,,,,,
,,,,,,,,,,,,,,,,,,,
,,,,,,,,,,,,,,,,,,,
,,,,,,,,,,,,,,,,,,,
,,,,,,,,,,,,,,,,,,,
,,,,,,,,,,,,,,,,,,,
,,,,,,,,,,,,,,,,,,,
,,,,,,,,,,,,,,,,,,,
,,,,,,,,,,,,,,,,,,,
,,,,,,,,,,,,,,,,,,,
,,,,,,,,,,,,,,,,,,,
,,,,,,,,,,,,,,,,,,,
,,,,,,,,,,,,,,,,,,,
,,,,,,,,,,,,,,,,,,,
,,,,,,,,,,,,,,,,,,,
,,,,,,,,,,,,,,,,,,,
,,,,,,,,,,,,,,,,,,,
,,,,,,,,,,,,,,,,,,,
,,,,,,,,,,,,,,,,,,,
,,,,,,,,,,,,,,,,,,,
,,,,,,,,,,,,,,,,,,,
,,,,,,,,,,,,,,,,,,,
,,,,,,,,,,,,,,,,,,,
,,,,,,,,,,,,,,,,,,,
,,,,,,,,,,,,,,,,,,,
,,,,,,,,,,,,,,,,,,,
,,,,,,,,,,,,,,,,,,,
,,,,,,,,,,,,,,,,,,,
,,,,,,,,,,,,,,,,,,,
,,,,,,,,,,,,,,,,,,,
,,,,,,,,,,,,,,,,,,,
,,,,,,,,,,,,,,,,,,,
,,,,,,,,,,,,,,,,,,,
,,,,,,,,,,,,,,,,,,,
,,,,,,,,,,,,,,,,,,,
,,,,,,,,,,,,,,,,,,,
,,,,,,,,,,,,,,,,,,,
,,,,,,,,,,,,,,,,,,,
,,,,,,,,,,,,,,,,,,,
,,,,,,,,,,,,,,,,,,,
,,,,,,,,,,,,,,,,,,,
,,,,,,,,,,,,,,,,,,,
,,,,,,,,,,,,,,,,,,,
,,,,,,,,,,,,,,,,,,,
,,,,,,,,,,,,,,,,,,,
,,,,,,,,,,,,,,,,,,,
,,,,,,,,,,,,,,,,,,,
,,,,,,,,,,,,,,,,,,,
,,,,,,,,,,,,,,,,,,,
,,,,,,,,,,,,,,,,,,,
,,,,,,,,,,,,,,,,,,,
,,,,,,,,,,,,,,,,,,,
,,,,,,,,,,,,,,,,,,,
,,,,,,,,,,,,,,,,,,,
,,,,,,,,,,,,,,,,,,,
,,,,,,,,,,,,,,,,,,,
,,,,,,,,,,,,,,,,,,,
,,,,,,,,,,,,,,,,,,,
,,,,,,,,,,,,,,,,,,,
,,,,,,,,,,,,,,,,,,,
,,,,,,,,,,,,,,,,,,,
,,,,,,,,,,,,,,,,,,,
,,,,,,,,,,,,,,,,,,,
,,,,,,,,,,,,,,,,,,,
,,,,,,,,,,,,,,,,,,,
,,,,,,,,,,,,,,,,,,,
,,,,,,,,,,,,,,,,,,,
,,,,,,,,,,,,,,,,,,,
